{
    "krw": 287172.23660749546,
    "coins": {
        "KRW-ENS": {
            "qty": 21.419761408273516,
            "avg_price": 10096.063490002989,
            "roi": -0.8524460061905135,
            "target_weight": 0.3
        },
        "KRW-UNI": {
            "qty": 41.29765844915781,
            "avg_price": 5237.357905439012,
            "roi": -1.1906367020335418,
            "target_weight": 0.3
        }
    }
}