{
    "krw": 492609.51093934616,
    "coins": {
        "KRW-INJ": {
            "qty": 41.60701007,
            "avg_price": 5075.1931177066135,
            "roi": -0.5949156417570419,
            "entry_time": 1771852929.7763956,
            "target_weight": 0.3
        }
    }
}